Customer,Age,Budget,Brand
Mohammad,54,563851,KIA
Mahmmoud,32,711949,BMW
Oliver,66,676577,Jaguar
George,88,164089,BMW
Osama,55,512905,Honda
Sam,57,695381,Subaru
Oliver,89,603878,Ferrari
Noah,55,111313,Dodge
Ann,87,603879,Jaguar
Oliver,32,181586,Lotus
Liam,50,560200,Jaguar
Liam,21,10607,Jaguar
Sam,67,823588,Mini
Elijah,51,119367,GMC
Liam,26,667326,Lamborghini
Oliver,73,82381,Ferrari
Sam,69,772401,Tesla
Elijah,69,505027,Lexus
Jennifer,23,542849,Mini
Sam,63,472954,Lamborghini
Sam,27,421971,Saab
Sam,52,350505,Audi
Osama,73,344344,MG
Oliver,36,853546,Toyota
Jennifer,90,585109,Audi
Jennifer,60,424691,GMC
George,33,609392,Tesla
Sam,89,849017,Saab
Noah,22,247782,Jaguar
Noah,33,801407,Jeep
Sam,44,477239,Toyota
Liam,35,522812,Dodge
Matt,75,727729,Jeep
Jennifer,89,495897,Lexus
Elijah,81,570262,Toyota
Elijah,64,806188,Jeep
Noah,55,655506,Mini
Osama,31,262638,Saab
Oliver,47,42608,Subaru
Liam,87,141023,Tesla
Sam,85,696155,MG
Matt,90,407733,Jeep
Liam,44,319685,Jeep
Elijah,50,581169,Toyota
Oliver,43,324640,Lamborghini
Jennifer,80,43695,Audi
Matt,76,48504,BMW
Oliver,33,564975,Dodge
Noah,69,647775,MG
Osama,73,332643,Audi
Sam,72,825879,Lamborghini
Ann,60,45678,BMW
George,88,318255,Lamborghini
Ann,21,416612,Lamborghini
Noah,57,690814,Dodge
George,56,341036,Dodge
Noah,87,192687,Lotus
Sam,49,680299,Audi
Liam,26,454429,Audi
Oliver,66,304983,Saab
Sam,87,846738,Jeep
Sam,83,720001,Mini
Sam,42,244220,Jaguar
Ann,76,348924,Lexus
Sam,48,840163,FordMass
Ann,39,280619,Audi
Elijah,22,121738,Ferrari
George,40,731711,Tesla
Sam,55,689386,Subaru
Ann,74,213720,Tesla
Oliver,30,299894,Subaru
George,41,279896,FordMass
Jennifer,20,452379,Jeep
Liam,54,552198,Saab
Sam,40,518844,Lamborghini
Matt,46,861977,Jeep
Ann,71,531571,Saab
Jennifer,90,73462,Mini
Liam,42,592832,FordMass
Elijah,33,309051,BMW
Ann,37,748517,Subaru
Ann,65,451350,Mini
Sam,29,237838,Lotus
George,78,422176,Ferrari
Ann,71,197881,GMC
Noah,68,224562,GMC
George,82,631299,GMC
Elijah,60,767425,Lexus
Oliver,66,173883,Toyota
Noah,41,618595,Audi
Matt,34,785293,Honda
George,65,360386,Lamborghini
Jennifer,81,880069,Audi
Noah,20,312163,GMC
Oliver,70,277063,Lamborghini
George,55,270345,Mini
Osama,76,567802,MG
George,26,863476,Tesla
Matt,49,834265,Honda
Sam,50,332964,Lotus
Oliver,41,166780,Audi
Ann,73,840425,Toyota
Noah,63,83997,GMC
Matt,31,13487,Jaguar
Liam,66,338163,Honda
Noah,34,250304,Mini
Ann,61,455476,Honda
Oliver,42,329624,BMW
Matt,86,493494,Toyota
Noah,45,419257,Audi
Matt,82,148713,Honda
Jennifer,49,467041,Saab
George,47,449359,Ferrari
Osama,51,391511,Toyota
Oliver,34,734715,Toyota
Matt,22,841631,BMW
Ann,61,879672,Lamborghini
Ann,30,646769,Ferrari
Oliver,52,652909,Lexus
Jennifer,70,428990,FordMass
Liam,54,435812,Toyota
Osama,50,684024,Mini
Liam,31,620509,FordMass
Osama,83,158051,Subaru
Ann,23,335237,Saab
Jennifer,90,544826,MG
Osama,65,639076,Dodge
Ann,71,793377,MG
Osama,82,415426,Jaguar
Oliver,44,399177,Toyota
Liam,21,353957,Toyota
Liam,35,335173,GMC
Noah,69,323454,Jaguar
Osama,80,860952,Honda
Matt,63,21887,Lotus
Noah,67,225821,GMC
Ann,61,403415,Mini
Ann,23,756115,MG
George,22,773296,Jaguar
Elijah,26,15467,MG
Oliver,87,86137,Honda
Osama,29,562159,Subaru
Liam,48,387790,BMW
Matt,46,699278,Lexus
Sam,26,887096,Jeep
Sam,44,434794,Dodge
George,63,899507,Honda
Osama,58,807690,Tesla
Osama,61,142093,Toyota
Ann,90,330856,Saab
Ann,88,547561,GMC
Oliver,44,880608,MG
Osama,32,527781,MG
Elijah,90,736015,Dodge
